{"ar": [0.6965823455295791, 0.03723473046169117, 0.06933833858247768], "std": 0.22987470164910573}