{"std": 0.22987023659367056, "ar": [0.6965614003975383, 0.03723702443693817, 0.06934212118544336]}