{"hour": [0.0, 1.0, 2.0, 3.0, 4.0, 5.0, 6.0, 7.0, 8.0, 9.0, 10.0, 11.0, 12.0, 13.0, 14.0, 15.0, 16.0, 17.0, 18.0, 19.0, 20.0, 21.0, 22.0, 23.0], "prob": [0.9416058394160584, 0.9653284671532847, 0.970722781335773, 0.9726277372262774, 0.9717153284671532, 0.9662408759124088, 0.906934306569343, 0.8968978102189781, 0.8540145985401459, 0.8193430656934306, 0.781021897810219, 0.8448905109489051, 0.8485401459854014, 0.8658759124087592, 0.906021897810219, 0.9105839416058394, 0.926094890510949, 0.8968978102189781, 0.8978102189781022, 0.8613138686131387, 0.8567518248175182, 0.8211678832116789, 0.8485401459854014, 0.9452554744525548]}