{"std": 0.32278228740147524, "ar": [0.12608767651495761, 0.04072681011723994]}