{"ar": 0.08849107378411421, "std": 0.2896422581824105}