{"std": 0.06962021475339154, "ar": -0.06105921473110136}