{"std": 0.28526406186902536, "ar": 0.04480989124901387}