{"std": 0.15048734452357415, "ar": -0.06065710579552228}