{"std": 0.28241670657112655, "ar": 0.010324648422355448}